1085,1619734979,969014883,"0",-80.03,-2.07,-70.6
1086,1619734979,985947608,"0",-80.02,-2.08,-70.61
1087,1619734980,1991748,"0",-80.01,-2.08,-70.63
1088,1619734980,19007921,"0",-80.01,-2.08,-70.64
1089,1619734980,35251617,"0",-80.01,-2.08,-70.64
1090,1619734980,52015304,"0",-80.01,-2.08,-70.64
1091,1619734980,68599224,"0",-80.01,-2.08,-70.65
1092,1619734980,85559129,"0",-80.01,-2.08,-70.65
1093,1619734980,101966381,"0",-80.01,-2.08,-70.64
1094,1619734980,118610382,"0",-80.02,-2.08,-70.63
1095,1619734980,135249376,"0",-80.02,-2.08,-70.63
1096,1619734980,151973724,"0",-80.03,-2.08,-70.61
1097,1619734980,168650150,"0",-80.03,-2.08,-70.61
1098,1619734980,185688257,"0",-80.03,-2.08,-70.61
1099,1619734980,201916933,"0",-80.03,-2.08,-70.61
1100,1619734980,218660831,"0",-80.03,-2.08,-70.61
1101,1619734980,235383272,"0",-80.02,-2.09,-70.62
1102,1619734980,252046108,"0",-80.02,-2.09,-70.62
1103,1619734980,268748760,"0",-80.01,-2.09,-70.64
1104,1619734980,285337924,"0",-80.01,-2.08,-70.64
1105,1619734980,302094221,"0",-80.01,-2.08,-70.64
1106,1619734980,318957567,"0",-80.01,-2.08,-70.63
1107,1619734980,335595846,"0",-80.01,-2.07,-70.64
1108,1619734980,352000713,"0",-80.01,-2.07,-70.64
1109,1619734980,369250059,"0",-80.01,-2.07,-70.63
1110,1619734980,385355234,"0",-80.01,-2.08,-70.63
1111,1619734980,402408599,"0",-80.02,-2.08,-70.62
1112,1619734980,418697357,"0",-80.02,-2.08,-70.62
1113,1619734980,435315132,"0",-80.02,-2.08,-70.62
1114,1619734980,451925516,"0",-80.02,-2.08,-70.61
1115,1619734980,468648433,"0",-80.02,-2.08,-70.61
1116,1619734980,485393524,"0",-80.02,-2.08,-70.61
1117,1619734980,501959562,"0",-80.02,-2.07,-70.61
1118,1619734980,518765926,"0",-80.02,-2.07,-70.61
1119,1619734980,535311460,"0",-80.02,-2.07,-70.61
1120,1619734980,552024602,"0",-80.02,-2.07,-70.61
1121,1619734980,569264888,"0",-80.02,-2.08,-70.61
1122,1619734980,585812330,"0",-80.02,-2.08,-70.61
1123,1619734980,601956605,"0",-80.02,-2.08,-70.6
1124,1619734980,618962764,"0",-80.02,-2.08,-70.6
1125,1619734980,635423660,"0",-80.02,-2.08,-70.6
1126,1619734980,651996374,"0",-80.03,-2.07,-70.6
1127,1619734980,668635845,"0",-80.03,-2.07,-70.6
1128,1619734980,685359716,"0",-80.03,-2.07,-70.6
1129,1619734980,702046394,"0",-80.04,-2.07,-70.59
1130,1619734980,718818187,"0",-80.04,-2.07,-70.58
1131,1619734980,735321044,"0",-80.04,-2.07,-70.58
1132,1619734980,752022027,"0",-80.03,-2.08,-70.58
1133,1619734980,768609285,"0",-80.03,-2.08,-70.59
1134,1619734980,785283803,"0",-80.03,-2.08,-70.59
1135,1619734980,802013158,"0",-80.03,-2.08,-70.6
1136,1619734980,818833112,"0",-80.02,-2.08,-70.62
1137,1619734980,835393190,"0",-80.02,-2.07,-70.61
1138,1619734980,851955175,"0",-80.02,-2.07,-70.61
1139,1619734980,868850946,"0",-80.03,-2.07,-70.6
1140,1619734980,886660099,"0",-80.03,-2.07,-70.6
1141,1619734980,903152704,"0",-80.03,-2.08,-70.6
1142,1619734980,920168399,"0",-80.03,-2.07,-70.6
1143,1619734980,936670064,"0",-80.03,-2.07,-70.6
1144,1619734980,952961206,"0",-80.03,-2.07,-70.6
1145,1619734980,969394207,"0",-80.03,-2.06,-70.62
1146,1619734980,988701581,"0",-80.03,-2.06,-70.61
1147,1619734981,2975940,"0",-80.03,-2.06,-70.61
1148,1619734981,20399093,"0",-80.03,-2.07,-70.6
1149,1619734981,36960601,"0",-80.03,-2.09,-70.59
1150,1619734981,52807092,"0",-80.03,-2.09,-70.59
1151,1619734981,70557355,"0",-80.04,-2.1,-70.59
1152,1619734981,87649822,"0",-80.03,-2.09,-70.6
1153,1619734981,103696346,"0",-80.03,-2.09,-70.6
1154,1619734981,119629621,"0",-80.04,-2.07,-70.61
1155,1619734981,136162281,"0",-80.04,-2.05,-70.62
1156,1619734981,152946949,"0",-80.04,-2.05,-70.62
1157,1619734981,169235944,"0",-80.04,-2.05,-70.61
1158,1619734981,186000108,"0",-80.05,-2.07,-70.57
1159,1619734981,202674150,"0",-80.05,-2.07,-70.57
1160,1619734981,221520423,"0",-80.05,-2.08,-70.56
1161,1619734981,237038850,"0",-80.04,-2.09,-70.58
1162,1619734981,252825498,"0",-80.04,-2.09,-70.58
1163,1619734981,270057916,"0",-80.04,-2.08,-70.61
1164,1619734981,286056518,"0",-80.04,-2.07,-70.61
1165,1619734981,304273605,"0",-80.04,-2.06,-70.61
1166,1619734981,319971799,"0",-80.04,-2.06,-70.61
1167,1619734981,336580514,"0",-80.04,-2.06,-70.62
1168,1619734981,353110074,"0",-80.04,-2.07,-70.6
1169,1619734981,369328737,"0",-80.04,-2.07,-70.6
1170,1619734981,387362480,"0",-80.04,-2.08,-70.58
1171,1619734981,402688741,"0",-80.04,-2.09,-70.58
1172,1619734981,419304609,"0",-80.04,-2.09,-70.58
1173,1619734981,436142683,"0",-80.05,-2.08,-70.61
1174,1619734981,452755212,"0",-80.05,-2.07,-70.61
1175,1619734981,469351053,"0",-80.05,-2.07,-70.61
1176,1619734981,487632036,"0",-80.05,-2.06,-70.61
1177,1619734981,504085063,"0",-80.05,-2.06,-70.61
1178,1619734981,519924879,"0",-80.05,-2.06,-70.61
1179,1619734981,535370826,"0",-80.05,-2.06,-70.6
1180,1619734981,553037643,"0",-80.05,-2.07,-70.58
1181,1619734981,569758415,"0",-80.05,-2.07,-70.58
1182,1619734981,586862087,"0",-80.05,-2.09,-70.58
1183,1619734981,604660987,"0",-80.05,-2.09,-70.59
1184,1619734981,620501279,"0",-80.05,-2.09,-70.59
1185,1619734981,636529445,"0",-80.06,-2.09,-70.59
1186,1619734981,654178380,"0",-80.06,-2.07,-70.59
1187,1619734981,669114828,"0",-80.06,-2.07,-70.59
1188,1619734981,685735940,"0",-80.06,-2.06,-70.61
1189,1619734981,702732563,"0",-80.06,-2.06,-70.6
1190,1619734981,719865560,"0",-80.06,-2.06,-70.6
1191,1619734981,736227035,"0",-80.05,-2.07,-70.6
1192,1619734981,752611398,"0",-80.04,-2.09,-70.61
1193,1619734981,770347118,"0",-80.04,-2.09,-70.61
1194,1619734981,788088321,"0",-80.03,-2.09,-70.63
1195,1619734981,803057909,"0",-80.03,-2.08,-70.67
1196,1619734981,818921327,"0",-80.03,-2.08,-70.67
1197,1619734981,835580348,"0",-80.03,-2.06,-70.67
1198,1619734981,851985454,"0",-80.04,-2.06,-70.67
1199,1619734981,869161128,"0",-80.04,-2.06,-70.67
1200,1619734981,885493755,"0",-80.04,-2.06,-70.65
1201,1619734981,902453899,"0",-80.05,-2.07,-70.64
1202,1619734981,918814420,"0",-80.05,-2.07,-70.64
1203,1619734981,935287714,"0",-80.05,-2.08,-70.61
1204,1619734981,951980590,"0",-80.05,-2.09,-70.64
1205,1619734981,968731403,"0",-80.05,-2.09,-70.64
1206,1619734981,985664606,"0",-80.05,-2.09,-70.64
1207,1619734982,1942634,"0",-80.04,-2.07,-70.66
1208,1619734982,18627166,"0",-80.04,-2.06,-70.67
1209,1619734982,35270929,"0",-80.04,-2.06,-70.67
1210,1619734982,52152633,"0",-80.03,-2.06,-70.67
1211,1619734982,68608999,"0",-80.02,-2.08,-70.66
1212,1619734982,85283279,"0",-80.02,-2.08,-70.66
1213,1619734982,101940155,"0",-80.03,-2.09,-70.65
1214,1619734982,118638038,"0",-80.03,-2.1,-70.65
1215,1619734982,135296821,"0",-80.04,-2.09,-70.65
1216,1619734982,151971340,"0",-80.04,-2.09,-70.65
1217,1619734982,168861865,"0",-80.04,-2.07,-70.66
1218,1619734982,185457706,"0",-80.04,-2.06,-70.66
1219,1619734982,202231407,"0",-80.04,-2.06,-70.66
1220,1619734982,218763351,"0",-80.04,-2.05,-70.66
1221,1619734982,235340595,"0",-80.04,-2.07,-70.65
1222,1619734982,252963542,"0",-80.04,-2.07,-70.65
1223,1619734982,268669843,"0",-80.03,-2.08,-70.65
1224,1619734982,286622762,"0",-80.03,-2.09,-70.66
1225,1619734982,302689313,"0",-80.02,-2.1,-70.66
1226,1619734982,318674325,"0",-80.02,-2.1,-70.66
1227,1619734982,336803913,"0",-80.01,-2.08,-70.7
1228,1619734982,353185653,"0",-80.01,-2.07,-70.71
1229,1619734982,369320631,"0",-80.01,-2.07,-70.71
1230,1619734982,386218547,"0",-80.02,-2.06,-70.7
1231,1619734982,403056383,"0",-80.02,-2.07,-70.68
1232,1619734982,419727087,"0",-80.02,-2.07,-70.68
1233,1619734982,437604904,"0",-80.03,-2.09,-70.66
1234,1619734982,452935695,"0",-80.03,-2.1,-70.66
1235,1619734982,469622850,"0",-80.03,-2.1,-70.66
1236,1619734982,486524820,"0",-80.02,-2.1,-70.67
1237,1619734982,503035068,"0",-80.02,-2.09,-70.68
1238,1619734982,519833326,"0",-80.02,-2.09,-70.68
1239,1619734982,537062883,"0",-80.02,-2.07,-70.69
1240,1619734982,552789449,"0",-80.02,-2.07,-70.7
1241,1619734982,571184158,"0",-80.02,-2.07,-70.69
1242,1619734982,588065385,"0",-80.02,-2.07,-70.69
1243,1619734982,602120637,"0",-80.01,-2.08,-70.68
1244,1619734982,618713378,"0",-80.01,-2.08,-70.68
1245,1619734982,636036396,"0",-80.01,-2.09,-70.68
1246,1619734982,652082443,"0",-80.01,-2.1,-70.69
1247,1619734982,670030832,"0",-80.02,-2.08,-70.7
1248,1619734982,685965776,"0",-80.02,-2.08,-70.7
1249,1619734982,702565431,"0",-80.02,-2.07,-70.71
1250,1619734982,719921112,"0",-80.02,-2.07,-70.7
1251,1619734982,736855506,"0",-80.02,-2.07,-70.7
1252,1619734982,752553701,"0",-80.02,-2.07,-70.69
1253,1619734982,769571304,"0",-80.02,-2.07,-70.69
1254,1619734982,785447597,"0",-80.02,-2.07,-70.69
1255,1619734982,802653551,"0",-80.02,-2.08,-70.7
1256,1619734982,819226264,"0",-80.01,-2.09,-70.71
1257,1619734982,836055994,"0",-80.01,-2.09,-70.71
1258,1619734982,852451801,"0",-80.01,-2.08,-70.72
1259,1619734982,869316577,"0",-80.01,-2.07,-70.73
1260,1619734982,885921001,"0",-80.01,-2.07,-70.73
1261,1619734982,903086423,"0",-80.01,-2.06,-70.72
1262,1619734982,918963670,"0",-80.02,-2.06,-70.71
1263,1619734982,935934782,"0",-80.02,-2.06,-70.71
1264,1619734982,952698230,"0",-80.03,-2.07,-70.68
1265,1619734982,969219923,"0",-80.03,-2.07,-70.68
1266,1619734982,986633300,"0",-80.03,-2.07,-70.68
1267,1619734983,4051208,"0",-80.03,-2.08,-70.68
1268,1619734983,20585536,"0",-80.03,-2.08,-70.68
1269,1619734983,39492368,"0",-80.03,-2.07,-70.68
1270,1619734983,53322315,"0",-80.03,-2.07,-70.68
1271,1619734983,70052623,"0",-80.03,-2.07,-70.68
1272,1619734983,86741209,"0",-80.03,-2.07,-70.68
1273,1619734983,104238271,"0",-80.02,-2.07,-70.69
1274,1619734983,118960857,"0",-80.02,-2.08,-70.68
1275,1619734983,135336160,"0",-80.02,-2.08,-70.68
1276,1619734983,151998519,"0",-80.02,-2.08,-70.68
1277,1619734983,168856143,"0",-80.02,-2.08,-70.68
1278,1619734983,185378551,"0",-80.02,-2.08,-70.68
1279,1619734983,202161312,"0",-80.02,-2.07,-70.68
1280,1619734983,218675851,"0",-80.02,-2.06,-70.68
1281,1619734983,236052274,"0",-80.03,-2.05,-70.68
1282,1619734983,252052307,"0",-80.03,-2.05,-70.68
1283,1619734983,269038915,"0",-80.03,-2.05,-70.67
1284,1619734983,285807371,"0",-80.03,-2.07,-70.65
1285,1619734983,302046060,"0",-80.03,-2.07,-70.65
1286,1619734983,318904399,"0",-80.03,-2.09,-70.63
1287,1619734983,336086273,"0",-80.04,-2.1,-70.64
1288,1619734983,351959705,"0",-80.04,-2.1,-70.64
1289,1619734983,369348287,"0",-80.02,-2.08,-70.69
1290,1619734983,385304212,"0",-80.02,-2.07,-70.7
1291,1619734983,402016162,"0",-80.02,-2.07,-70.7
1292,1619734983,418659210,"0",-80.02,-2.04,-70.71
1293,1619734983,435332536,"0",-80.01,-2.05,-70.71
1294,1619734983,451964616,"0",-80.02,-2.06,-70.69
1295,1619734983,469141483,"0",-80.02,-2.06,-70.69
1296,1619734983,485941171,"0",-80.01,-2.08,-70.69
1297,1619734983,506029129,"0",-80.01,-2.09,-70.7
1298,1619734983,518748760,"0",-80.01,-2.09,-70.7
1299,1619734983,535351753,"0",-80.01,-2.07,-70.73
1300,1619734983,552244901,"0",-80.02,-2.05,-70.72
1301,1619734983,568761110,"0",-80.02,-2.05,-70.72
1302,1619734983,585542678,"0",-80.02,-2.04,-70.71
1303,1619734983,603496551,"0",-80.03,-2.06,-70.69
1304,1619734983,619297027,"0",-80.03,-2.06,-70.69
1305,1619734983,636876821,"0",-80.03,-2.07,-70.68
1306,1619734983,656440258,"0",-80.03,-2.09,-70.69
1307,1619734983,669710397,"0",-80.03,-2.09,-70.69
1308,1619734983,686731338,"0",-80.02,-2.07,-70.72
1309,1619734983,703224658,"0",-80.01,-2.06,-70.75
1310,1619734983,718882322,"0",-80.01,-2.06,-70.75
1311,1619734983,736513614,"0",-80.01,-2.05,-70.74
1312,1619734983,752329587,"0",-80.01,-2.06,-70.72
1313,1619734983,768655061,"0",-80.01,-2.06,-70.72
1314,1619734983,785557985,"0",-80.02,-2.08,-70.7
1315,1619734983,801983833,"0",-80.02,-2.08,-70.71
1316,1619734983,818643093,"0",-80.02,-2.08,-70.71
1317,1619734983,835338830,"0",-80.02,-2.08,-70.72
1318,1619734983,852110862,"0",-80.03,-2.07,-70.71
1319,1619734983,868712186,"0",-80.03,-2.07,-70.71
1320,1619734983,885433912,"0",-80.03,-2.06,-70.7
1321,1619734983,902389049,"0",-80.03,-2.06,-70.69
1322,1619734983,918771505,"0",-80.03,-2.06,-70.69
1323,1619734983,935737371,"0",-80.04,-2.06,-70.68
1324,1619734983,951985836,"0",-80.03,-2.07,-70.68
1325,1619734983,968782663,"0",-80.03,-2.07,-70.68
1326,1619734983,985384702,"0",-80.02,-2.07,-70.69
1327,1619734984,2134561,"0",-80.02,-2.07,-70.69
1328,1619734984,18882751,"0",-80.02,-2.07,-70.71
1329,1619734984,35378217,"0",-80.02,-2.06,-70.71
1330,1619734984,51979064,"0",-80.02,-2.06,-70.71
1331,1619734984,68703413,"0",-80.03,-2.06,-70.7
1332,1619734984,85460424,"0",-80.03,-2.06,-70.7
1333,1619734984,102024078,"0",-80.03,-2.06,-70.7
1334,1619734984,118782043,"0",-80.03,-2.06,-70.68
1335,1619734984,135379314,"0",-80.03,-2.06,-70.68
1336,1619734984,152123212,"0",-80.03,-2.07,-70.67
1337,1619734984,168827533,"0",-80.03,-2.07,-70.68
1338,1619734984,185468196,"0",-80.03,-2.07,-70.68
1339,1619734984,201972246,"0",-80.03,-2.07,-70.68
1340,1619734984,218683242,"0",-80.03,-2.07,-70.7
1341,1619734984,236189842,"0",-80.03,-2.07,-70.7
1342,1619734984,252007961,"0",-80.03,-2.07,-70.7
1343,1619734984,269302368,"0",-80.03,-2.06,-70.71
1344,1619734984,285312652,"0",-80.02,-2.06,-70.72
1345,1619734984,302067995,"0",-80.02,-2.06,-70.72
1346,1619734984,318681955,"0",-80.02,-2.06,-70.72
1347,1619734984,335333108,"0",-80.03,-2.07,-70.71
1348,1619734984,352354288,"0",-80.03,-2.07,-70.71
1349,1619734984,369324207,"0",-80.03,-2.07,-70.71
1350,1619734984,385352611,"0",-80.03,-2.07,-70.72
1351,1619734984,402001142,"0",-80.03,-2.07,-70.72
1352,1619734984,418674707,"0",-80.03,-2.06,-70.73
1353,1619734984,435516834,"0",-80.04,-2.06,-70.72
1354,1619734984,451950788,"0",-80.03,-2.05,-70.73
1355,1619734984,468652486,"0",-80.03,-2.05,-70.73
1356,1619734984,485694646,"0",-80.03,-2.06,-70.74
1357,1619734984,501935005,"0",-80.03,-2.06,-70.74
1358,1619734984,518611669,"0",-80.03,-2.06,-70.74
1359,1619734984,535459518,"0",-80.03,-2.07,-70.75
1360,1619734984,551988124,"0",-80.02,-2.06,-70.76
1361,1619734984,569069147,"0",-80.02,-2.06,-70.76
1362,1619734984,585327863,"0",-80.02,-2.06,-70.77
1363,1619734984,601992845,"0",-80.03,-2.05,-70.76
1364,1619734984,618789434,"0",-80.04,-2.06,-70.73
1365,1619734984,635602712,"0",-80.04,-2.06,-70.73
1366,1619734984,652204036,"0",-80.04,-2.06,-70.72
1367,1619734984,668869018,"0",-80.04,-2.07,-70.71
1368,1619734984,685627460,"0",-80.04,-2.07,-70.71
1369,1619734984,702510118,"0",-80.04,-2.06,-70.72
1370,1619734984,718909263,"0",-80.04,-2.06,-70.73
1371,1619734984,735577344,"0",-80.04,-2.06,-70.73
1372,1619734984,752104282,"0",-80.03,-2.05,-70.75
1373,1619734984,768662691,"0",-80.03,-2.06,-70.75
1374,1619734984,785297155,"0",-80.03,-2.06,-70.75
1375,1619734984,802020788,"0",-80.03,-2.06,-70.75
1376,1619734984,818668842,"0",-80.03,-2.07,-70.76
1377,1619734984,835322856,"0",-80.03,-2.07,-70.76
1378,1619734984,852321624,"0",-80.03,-2.07,-70.76
1379,1619734984,869102954,"0",-80.03,-2.06,-70.76
1380,1619734984,886044263,"0",-80.03,-2.05,-70.77
1381,1619734984,902688503,"0",-80.03,-2.05,-70.77
1382,1619734984,918776035,"0",-80.04,-2.05,-70.76
1383,1619734984,935675859,"0",-80.04,-2.05,-70.74
1384,1619734984,952107429,"0",-80.04,-2.05,-70.74
1385,1619734984,968684196,"0",-80.04,-2.07,-70.74
1386,1619734984,985368490,"0",-80.04,-2.07,-70.75
1387,1619734985,2006053,"0",-80.04,-2.07,-70.75
1388,1619734985,18889904,"0",-80.03,-2.07,-70.76
1389,1619734985,35575151,"0",-80.03,-2.06,-70.77
1390,1619734985,52007198,"0",-80.03,-2.06,-70.77
1391,1619734985,68641424,"0",-80.03,-2.05,-70.79
1392,1619734985,85316419,"0",-80.03,-2.05,-70.78
1393,1619734985,101929903,"0",-80.03,-2.05,-70.77
1394,1619734985,118632555,"0",-80.03,-2.05,-70.77
1395,1619734985,135422468,"0",-80.03,-2.06,-70.76
1396,1619734985,152017593,"0",-80.03,-2.07,-70.76
1397,1619734985,168600320,"0",-80.03,-2.07,-70.76
1398,1619734985,185334205,"0",-80.03,-2.08,-70.75
1399,1619734985,202034473,"0",-80.04,-2.07,-70.76
1400,1619734985,218598842,"0",-80.04,-2.07,-70.76
1401,1619734985,235270977,"0",-80.04,-2.06,-70.77
1402,1619734985,251943349,"0",-80.04,-2.05,-70.78
1403,1619734985,268594503,"0",-80.04,-2.05,-70.79
1404,1619734985,285400867,"0",-80.04,-2.05,-70.79
1405,1619734985,301984786,"0",-80.03,-2.06,-70.78
1406,1619734985,318670988,"0",-80.03,-2.06,-70.78
1407,1619734985,335302114,"0",-80.03,-2.06,-70.78
1408,1619734985,352029085,"0",-80.03,-2.08,-70.79
1409,1619734985,368609905,"0",-80.02,-2.08,-70.81
1410,1619734985,385318517,"0",-80.02,-2.07,-70.82
1411,1619734985,402004003,"0",-80.02,-2.07,-70.82
1412,1619734985,418609619,"0",-80.03,-2.05,-70.82
1413,1619734985,435269594,"0",-80.03,-2.05,-70.81
1414,1619734985,451945781,"0",-80.03,-2.05,-70.81
1415,1619734985,468879461,"0",-80.03,-2.05,-70.8
1416,1619734985,485477209,"0",-80.03,-2.06,-70.79
1417,1619734985,502076387,"0",-80.03,-2.06,-70.79
1418,1619734985,518658876,"0",-80.03,-2.07,-70.8
1419,1619734985,535329580,"0",-80.02,-2.07,-70.81
1420,1619734985,552045822,"0",-80.02,-2.07,-70.82
1421,1619734985,568699598,"0",-80.02,-2.07,-70.82
1422,1619734985,585551261,"0",-80.02,-2.06,-70.83
1423,1619734985,601980447,"0",-80.02,-2.05,-70.82
1424,1619734985,619101524,"0",-80.02,-2.05,-70.82
1425,1619734985,635309457,"0",-80.03,-2.05,-70.82
1426,1619734985,651979684,"0",-80.03,-2.06,-70.82
1427,1619734985,669273614,"0",-80.03,-2.06,-70.82
1428,1619734985,685407400,"0",-80.03,-2.07,-70.81
1429,1619734985,702109336,"0",-80.03,-2.07,-70.81
1430,1619734985,718906641,"0",-80.03,-2.06,-70.82
1431,1619734985,736101865,"0",-80.03,-2.06,-70.82
1432,1619734985,752268791,"0",-80.03,-2.06,-70.83
1433,1619734985,768652915,"0",-80.03,-2.06,-70.83
1434,1619734985,785374402,"0",-80.03,-2.06,-70.83
1435,1619734985,802557945,"0",-80.03,-2.06,-70.83
1436,1619734985,818898439,"0",-80.02,-2.07,-70.83
1437,1619734985,835419654,"0",-80.02,-2.07,-70.83
1438,1619734985,852307796,"0",-80.02,-2.07,-70.83
1439,1619734985,868654489,"0",-80.02,-2.07,-70.84
1440,1619734985,885329961,"0",-80.02,-2.07,-70.85
1441,1619734985,901984930,"0",-80.02,-2.07,-70.85
1442,1619734985,918983936,"0",-80.02,-2.06,-70.86
1443,1619734985,935734272,"0",-80.02,-2.05,-70.86
1444,1619734985,952095508,"0",-80.02,-2.05,-70.86
1445,1619734985,968795537,"0",-80.03,-2.05,-70.85
1446,1619734985,985327005,"0",-80.03,-2.06,-70.84
1447,1619734986,1998424,"0",-80.03,-2.06,-70.84
1448,1619734986,19261598,"0",-80.03,-2.07,-70.85
1449,1619734986,35316467,"0",-80.03,-2.07,-70.86
1450,1619734986,52390098,"0",-80.02,-2.06,-70.88
1451,1619734986,68617820,"0",-80.02,-2.06,-70.88
1452,1619734986,85339546,"0",-80.02,-2.06,-70.89
1453,1619734986,102019071,"0",-80.02,-2.04,-70.9
1454,1619734986,118716001,"0",-80.02,-2.04,-70.9
1455,1619734986,136224985,"0",-80.02,-2.04,-70.9
1456,1619734986,152674198,"0",-80.02,-2.05,-70.89
1457,1619734986,169019460,"0",-80.02,-2.05,-70.89
1458,1619734986,186914920,"0",-80.02,-2.07,-70.89
1459,1619734986,202206373,"0",-80.02,-2.08,-70.89
1460,1619734986,218897581,"0",-80.02,-2.08,-70.89
1461,1619734986,235428810,"0",-80.01,-2.07,-70.9
1462,1619734986,252035379,"0",-80.01,-2.05,-70.91
1463,1619734986,270781755,"0",-80.01,-2.05,-70.91
1464,1619734986,285391807,"0",-80.01,-2.04,-70.92
1465,1619734986,301922559,"0",-80.01,-2.03,-70.92
1466,1619734986,318603277,"0",-80.01,-2.03,-70.92
1467,1619734986,335308074,"0",-80.01,-2.04,-70.91
1468,1619734986,351944684,"0",-80.0,-2.05,-70.91
1469,1619734986,368634223,"0",-80.0,-2.07,-70.9
1470,1619734986,385372400,"0",-80.0,-2.07,-70.9
1471,1619734986,401907205,"0",-80.0,-2.08,-70.9
1472,1619734986,418571949,"0",-80.01,-2.07,-70.92
1473,1619734986,435260534,"0",-80.01,-2.07,-70.92
1474,1619734986,452331781,"0",-80.0,-2.06,-70.93
1475,1619734986,468599081,"0",-80.01,-2.04,-70.93
1476,1619734986,485330104,"0",-80.01,-2.04,-70.93
1477,1619734986,502061843,"0",-80.01,-2.04,-70.92
1478,1619734986,518791675,"0",-80.01,-2.04,-70.91
1479,1619734986,535501241,"0",-80.01,-2.04,-70.91
1480,1619734986,553330421,"0",-80.0,-2.07,-70.9
1481,1619734986,568711280,"0",-80.0,-2.08,-70.91
1482,1619734986,585354328,"0",-80.0,-2.08,-70.93
1483,1619734986,602170944,"0",-80.0,-2.08,-70.93
1484,1619734986,618714570,"0",-80.0,-2.06,-70.94
1485,1619734986,635352611,"0",-80.0,-2.05,-70.95
1486,1619734986,652711153,"0",-80.0,-2.05,-70.95
1487,1619734986,668748617,"0",-80.01,-2.04,-70.94
1488,1619734986,685283660,"0",-80.01,-2.05,-70.93
1489,1619734986,701942205,"0",-80.01,-2.05,-70.93
1490,1619734986,718560218,"0",-80.0,-2.06,-70.92
1491,1619734986,735419034,"0",-80.0,-2.08,-70.92
1492,1619734986,751949071,"0",-80.0,-2.08,-70.93
1493,1619734986,768632411,"0",-80.0,-2.08,-70.93
1494,1619734986,785406827,"0",-80.0,-2.07,-70.94
1495,1619734986,801920652,"0",-80.0,-2.06,-70.95
1496,1619734986,818620920,"0",-80.0,-2.06,-70.95
1497,1619734986,835380792,"0",-80.01,-2.04,-70.94
1498,1619734986,851975202,"0",-80.01,-2.04,-70.93
1499,1619734986,868599891,"0",-80.0,-2.05,-70.93
1500,1619734986,885313034,"0",-80.0,-2.05,-70.93
1501,1619734986,901968717,"0",-80.01,-2.07,-70.89
1502,1619734986,918720006,"0",-80.01,-2.08,-70.9
1503,1619734986,935303211,"0",-80.01,-2.08,-70.9
1504,1619734986,952205419,"0",-80.01,-2.07,-70.93
1505,1619734986,968635320,"0",-80.01,-2.06,-70.94
1506,1619734986,985354185,"0",-80.01,-2.06,-70.94
1507,1619734987,1970529,"0",-80.01,-2.03,-70.93
1508,1619734987,18621921,"0",-80.0,-2.03,-70.94
1509,1619734987,35243272,"0",-80.01,-2.04,-70.93
1510,1619734987,52049636,"0",-80.01,-2.04,-70.93
1511,1619734987,68708181,"0",-80.01,-2.07,-70.92
1512,1619734987,85328578,"0",-80.01,-2.08,-70.92
1513,1619734987,101990938,"0",-80.01,-2.08,-70.92
1514,1619734987,118850231,"0",-80.0,-2.07,-70.96
1515,1619734987,135606288,"0",-80.0,-2.05,-70.97
1516,1619734987,151993274,"0",-80.0,-2.05,-70.97
1517,1619734987,168621778,"0",-80.01,-2.02,-70.98
1518,1619734987,185427188,"0",-80.01,-2.02,-70.94
1519,1619734987,201990604,"0",-80.01,-2.03,-70.93
1520,1619734987,218835115,"0",-80.01,-2.03,-70.93
1521,1619734987,235334157,"0",-80.01,-2.07,-70.92
1522,1619734987,251988649,"0",-80.01,-2.07,-70.91
1523,1619734987,268679141,"0",-80.01,-2.07,-70.91
1524,1619734987,285395145,"0",-80.01,-2.07,-70.92
1525,1619734987,302347421,"0",-80.01,-2.04,-70.96
1526,1619734987,318676948,"0",-80.01,-2.04,-70.96
1527,1619734987,335302591,"0",-80.01,-2.02,-70.96
1528,1619734987,351969242,"0",-80.01,-2.02,-70.93
1529,1619734987,368654966,"0",-80.01,-2.02,-70.93
1530,1619734987,385327816,"0",-80.02,-2.03,-70.91
1531,1619734987,402045488,"0",-80.01,-2.06,-70.9
1532,1619734987,418712615,"0",-80.01,-2.07,-70.9
1533,1619734987,435479402,"0",-80.01,-2.07,-70.9
1534,1619734987,452300548,"0",-80.01,-2.06,-70.91
1535,1619734987,468704700,"0",-80.01,-2.04,-70.95
1536,1619734987,485410451,"0",-80.01,-2.04,-70.95
1537,1619734987,502041816,"0",-80.01,-2.03,-70.94
1538,1619734987,519044399,"0",-80.02,-2.02,-70.91
1539,1619734987,535313367,"0",-80.02,-2.02,-70.91
1540,1619734987,552071571,"0",-80.0,-2.03,-70.9
1541,1619734987,568666696,"0",-79.97,-2.05,-70.95
1542,1619734987,585524559,"0",-79.89,-2.34,-71.96
1543,1619734987,601984500,"0",-79.89,-2.34,-71.96
1544,1619734987,618679046,"0",-79.74,-2.66,-73.43
1545,1619734987,635283470,"0",-79.52,-3.38,-77.09
1546,1619734987,651989698,"0",-79.52,-3.38,-77.09
1547,1619734987,668736934,"0",-79.45,-3.83,-78.88
1548,1619734987,685415267,"0",-79.5,-3.9,-78.23
1549,1619734987,702006816,"0",-79.5,-3.9,-78.23
1550,1619734987,718633174,"0",-79.53,-4.02,-77.0
1551,1619734987,735755205,"0",-79.51,-4.14,-76.51
1552,1619734987,755562067,"0",-79.4,-4.31,-76.46
1553,1619734987,769141674,"0",-79.4,-4.31,-76.46
1554,1619734987,785825490,"0",-79.43,-4.14,-76.09
1555,1619734987,802855730,"0",-79.43,-4.14,-76.09
1556,1619734987,819935321,"0",-79.51,-3.94,-75.04
1557,1619734987,835479736,"0",-79.76,-3.21,-72.53
1558,1619734987,852663278,"0",-79.76,-3.21,-72.53
1559,1619734987,868811845,"0",-80.11,-2.6,-69.94
1560,1619734987,885389804,"0",-80.25,-2.4,-69.48
1561,1619734987,902029752,"0",-80.25,-2.4,-69.48
1562,1619734987,918653249,"0",-80.34,-2.02,-70.79
1563,1619734987,935335874,"0",-80.42,-1.63,-72.4
1564,1619734987,952353715,"0",-80.46,-1.5,-73.15
1565,1619734987,968624353,"0",-80.46,-1.5,-73.15
1566,1619734987,985367059,"0",-80.62,-1.47,-74.8
1567,1619734988,1950740,"0",-80.71,-1.58,-74.03
1568,1619734988,18611669,"0",-80.71,-1.58,-74.03
1569,1619734988,35489797,"0",-80.77,-1.87,-71.51
1570,1619734988,52183628,"0",-80.83,-2.04,-69.37
1571,1619734988,68636178,"0",-80.83,-2.04,-69.37
1572,1619734988,85314512,"0",-80.84,-2.15,-68.27
1573,1619734988,101966381,"0",-80.77,-2.35,-68.44
1574,1619734988,118614196,"0",-80.82,-2.43,-69.06
1575,1619734988,135304450,"0",-80.82,-2.43,-69.06
1576,1619734988,152185201,"0",-80.92,-2.48,-70.68
1577,1619734988,168611288,"0",-80.98,-2.43,-71.7
1578,1619734988,185281038,"0",-80.98,-2.43,-71.7
1579,1619734988,201943635,"0",-80.93,-2.35,-71.68
1580,1619734988,218574762,"0",-80.92,-2.22,-70.52
1581,1619734988,235348224,"0",-80.92,-2.14,-69.99
1582,1619734988,251941442,"0",-80.92,-2.14,-69.99
1583,1619734988,268636465,"0",-80.89,-2.02,-70.32
1584,1619734988,285271406,"0",-80.84,-2.03,-70.77
1585,1619734988,301951646,"0",-80.84,-2.03,-70.77
1586,1619734988,318843364,"0",-80.77,-2.08,-71.05
1587,1619734988,335345745,"0",-80.72,-2.13,-70.67
1588,1619734988,351964235,"0",-80.72,-2.13,-70.67
1589,1619734988,368661642,"0",-80.71,-2.16,-70.58
1590,1619734988,385380506,"0",-80.68,-2.22,-70.84
1591,1619734988,402451276,"0",-80.67,-2.23,-70.97
1592,1619734988,418656826,"0",-80.67,-2.23,-70.97
1593,1619734988,435386180,"0",-80.67,-2.21,-70.86
1594,1619734988,452159643,"0",-80.68,-2.19,-70.77
1595,1619734988,468680381,"0",-80.68,-2.19,-70.77
1596,1619734988,485399246,"0",-80.71,-2.14,-70.87
1597,1619734988,502184152,"0",-80.74,-2.14,-70.95
1598,1619734988,518658161,"0",-80.74,-2.14,-70.95
1599,1619734988,535313367,"0",-80.76,-2.15,-70.84
1600,1619734988,552014589,"0",-80.79,-2.17,-70.63
1601,1619734988,568709850,"0",-80.79,-2.17,-70.63
1602,1619734988,585383415,"0",-80.8,-2.2,-70.73
1603,1619734988,602008819,"0",-80.79,-2.2,-70.81
1604,1619734988,619009017,"0",-80.77,-2.18,-70.76
1605,1619734988,635324001,"0",-80.77,-2.18,-70.76
1606,1619734988,651964902,"0",-80.75,-2.16,-70.76
1607,1619734988,668658018,"0",-80.72,-2.15,-70.91
1608,1619734988,685290575,"0",-80.72,-2.15,-70.91
1609,1619734988,702009201,"0",-80.71,-2.16,-70.97
1610,1619734988,718806028,"0",-80.7,-2.17,-70.91
1611,1619734988,735621213,"0",-80.7,-2.17,-70.91
1612,1619734988,752133131,"0",-80.71,-2.19,-70.83
1613,1619734988,768998861,"0",-80.72,-2.19,-70.86
1614,1619734988,785980224,"0",-80.74,-2.19,-70.89
1615,1619734988,801999568,"0",-80.74,-2.19,-70.89
1616,1619734988,818712472,"0",-80.76,-2.18,-70.84
1617,1619734988,835644483,"0",-80.78,-2.16,-70.75
1618,1619734988,851974487,"0",-80.78,-2.16,-70.75
1619,1619734988,868670225,"0",-80.78,-2.16,-70.84
1620,1619734988,885422706,"0",-80.77,-2.17,-70.85
1621,1619734988,902165651,"0",-80.77,-2.17,-70.85
1622,1619734988,918653726,"0",-80.75,-2.18,-70.79
1623,1619734988,935287714,"0",-80.73,-2.19,-70.84
1624,1619734988,953061103,"0",-80.73,-2.19,-70.84
1625,1619734988,968665122,"0",-80.72,-2.19,-70.9
1626,1619734988,985362291,"0",-80.71,-2.18,-70.93
1627,1619734989,2047777,"0",-80.71,-2.18,-70.93
1628,1619734989,18656253,"0",-80.73,-2.17,-70.86
1629,1619734989,35753488,"0",-80.73,-2.16,-70.84
1630,1619734989,52577018,"0",-80.73,-2.16,-70.84
1631,1619734989,69042444,"0",-80.76,-2.19,-70.78
1632,1619734989,85704565,"0",-80.77,-2.27,-70.72
1633,1619734989,102367639,"0",-80.77,-2.27,-70.72
1634,1619734989,119056463,"0",-80.78,-2.29,-70.7
1635,1619734989,137135505,"0",-80.81,-2.21,-70.81
1636,1619734989,151974439,"0",-80.81,-2.21,-70.81
1637,1619734989,168751955,"0",-80.8,-1.96,-71.17
1638,1619734989,185328483,"0",-80.99,-1.52,-71.35
1639,1619734989,201956272,"0",-80.99,-1.52,-71.35
1640,1619734989,218708753,"0",-81.05,-1.28,-71.42
1641,1619734989,235819101,"0",-81.17,-0.73,-71.67
1642,1619734989,252161502,"0",-81.17,-0.73,-71.67
1643,1619734989,269531965,"0",-81.29,-0.07,-71.61
1644,1619734989,285460233,"0",-81.29,-0.07,-71.61
1645,1619734989,302104473,"0",-81.32,0.26,-71.3
1646,1619734989,319092750,"0",-81.27,0.75,-71.2
1647,1619734989,335491180,"0",-81.27,0.75,-71.2
1648,1619734989,352067232,"0",-81.35,0.78,-71.66
1649,1619734989,368837118,"0",-81.35,0.78,-71.66
1650,1619734989,385402679,"0",-81.39,0.09,-72.86
1651,1619734989,402211666,"0",-81.39,0.09,-72.86
1652,1619734989,418716669,"0",-81.23,-1.32,-75.15
1653,1619734989,435509443,"0",-81.23,-1.32,-75.15
1654,1619734989,452004671,"0",-81.26,-3.13,-76.57
1655,1619734989,468746662,"0",-82.31,-2.53,-75.9
1656,1619734989,485456705,"0",-82.31,-2.53,-75.9
1657,1619734989,502073764,"0",-83.77,-0.84,-68.07
1658,1619734989,518759012,"0",-85.34,0.38,-57.82
1659,1619734989,535391092,"0",-85.34,0.38,-57.82
1660,1619734989,552103996,"0",-86.09,0.8,-50.59
1661,1619734989,568775177,"0",-87.09,1.04,-36.55
1662,1619734989,585427045,"0",-87.09,1.04,-36.55
1663,1619734989,602062225,"0",-87.88,0.84,-24.32
1664,1619734989,619080543,"0",-88.29,0.67,-18.87
1665,1619734989,635850429,"0",-88.29,0.67,-18.87
1666,1619734989,652179479,"0",-89.44,0.14,-6.16
1667,1619734989,668719768,"0",-89.29,-0.27,7.26
1668,1619734989,685397148,"0",-89.29,-0.27,7.26
1669,1619734989,702028751,"0",-88.7,-0.39,13.76
1670,1619734989,718722343,"0",-87.67,-0.72,24.75
1671,1619734989,735448598,"0",-87.67,-0.72,24.75
1672,1619734989,753696680,"0",-86.47,-1.56,34.55
1673,1619734989,768717527,"0",-86.47,-1.56,34.55
1674,1619734989,785372734,"0",-85.1,-2.67,42.61
1675,1619734989,802026271,"0",-84.35,-3.2,46.96
1676,1619734989,818640470,"0",-84.35,-3.2,46.96
1677,1619734989,835443019,"0",-82.85,-4.23,55.06
1678,1619734989,852116823,"0",-82.85,-4.23,55.06
1679,1619734989,868749380,"0",-81.26,-5.39,61.53
1680,1619734989,885489702,"0",-79.73,-6.5,66.5
1681,1619734989,904170036,"0",-79.73,-6.5,66.5
1682,1619734989,918744325,"0",-78.24,-7.7,70.38
1683,1619734989,935338497,"0",-77.53,-8.47,71.14
1684,1619734989,952100515,"0",-77.53,-8.47,71.14
1685,1619734989,968748331,"0",-76.0,-10.38,72.24
1686,1619734989,985820531,"0",-74.22,-12.66,75.07
1687,1619734990,2061843,"0",-74.22,-12.66,75.07
1688,1619734990,18726587,"0",-72.14,-15.2,83.24
1689,1619734990,35382986,"0",-72.14,-15.2,83.24
1690,1619734990,52077770,"0",-71.01,-16.68,89.12
1691,1619734990,68714857,"0",-68.18,-20.34,105.28
1692,1619734990,85316419,"0",-68.18,-20.34,105.28
1693,1619734990,102055311,"0",-64.5,-24.86,124.05
1694,1619734990,119303941,"0",-59.07,-30.82,139.13
1695,1619734990,135397434,"0",-59.07,-30.82,139.13
1696,1619734990,152188777,"0",-55.58,-34.4,143.79
1697,1619734990,168731927,"0",-55.58,-34.4,143.79
1698,1619734990,185431480,"0",-46.38,-43.53,144.26
1699,1619734990,202322959,"0",-34.16,-55.59,137.45
1700,1619734990,224447965,"0",-30.16,-59.55,134.81
1701,1619734990,235342741,"0",-30.16,-59.55,134.81
1702,1619734990,252401113,"0",-25.56,-64.31,127.11
1703,1619734990,268733501,"0",-21.76,-67.72,132.43
1704,1619734990,285345077,"0",-21.76,-67.72,132.43
1705,1619734990,302028894,"0",-20.08,-69.23,130.89
1706,1619734990,318669795,"0",-17.78,-71.43,125.5
1707,1619734990,335375308,"0",-17.78,-71.43,125.5
1708,1619734990,351997852,"0",-16.64,-71.89,127.63
1709,1619734990,370405673,"0",-16.78,-71.82,126.32
1710,1619734990,385375499,"0",-16.78,-71.82,126.32
1711,1619734990,402108192,"0",-16.88,-72.35,120.83
1712,1619734990,418690204,"0",-16.87,-72.49,119.23
1713,1619734990,435373306,"0",-16.87,-72.49,119.23
1714,1619734990,452660799,"0",-17.16,-72.54,115.25
1715,1619734990,468633413,"0",-17.52,-72.32,113.27
1716,1619734990,485349416,"0",-17.26,-72.6,112.62
1717,1619734990,501949787,"0",-17.26,-72.6,112.62
1718,1619734990,518767833,"0",-16.14,-73.76,110.4
1719,1619734990,535413742,"0",-15.32,-74.59,109.26
1720,1619734990,552049875,"0",-15.32,-74.59,109.26
1721,1619734990,569108247,"0",-13.25,-76.63,107.72
1722,1619734990,585452795,"0",-11.21,-78.51,107.56
1723,1619734990,601985692,"0",-11.21,-78.51,107.56
1724,1619734990,618706941,"0",-10.15,-79.38,107.94
1725,1619734990,635347127,"0",-8.21,-80.52,109.83
1726,1619734990,652357339,"0",-7.34,-81.12,109.61
1727,1619734990,668734312,"0",-7.34,-81.12,109.61
1728,1619734990,685360908,"0",-6.54,-82.25,106.97
1729,1619734990,702033758,"0",-6.34,-82.69,105.6
1730,1619734990,718662261,"0",-6.34,-82.69,105.6
1731,1619734990,735398292,"0",-6.24,-82.83,105.32
1732,1619734990,752679824,"0",-6.32,-82.7,105.87
1733,1619734990,768759727,"0",-6.32,-82.7,105.87
1734,1619734990,785671234,"0",-6.41,-82.55,106.39
1735,1619734990,802433967,"0",-6.52,-82.23,107.79
1736,1619734990,818756818,"0",-6.52,-82.23,107.79
1737,1619734990,835477590,"0",-6.71,-82.12,107.84
1738,1619734990,852214097,"0",-6.72,-82.12,107.86
1739,1619734990,869153738,"0",-6.72,-82.12,107.86
1740,1619734990,885950326,"0",-6.67,-82.24,107.43
1741,1619734990,902850151,"0",-6.6,-82.29,107.47
1742,1619734990,919476509,"0",-6.57,-82.27,107.7
1743,1619734990,935877799,"0",-6.57,-82.27,107.7
1744,1619734990,952249765,"0",-6.55,-82.13,108.51
1745,1619734990,968765020,"0",-6.57,-81.96,109.19
1746,1619734990,985440254,"0",-6.57,-81.96,109.19
1747,1619734991,2471446,"0",-6.66,-81.67,109.97
1748,1619734991,18712759,"0",-6.79,-81.7,109.57
1749,1619734991,35728693,"0",-6.79,-81.7,109.57
1750,1619734991,52363157,"0",-6.82,-81.8,109.13
1751,1619734991,69179058,"0",-6.84,-81.99,108.32
1752,1619734991,85349321,"0",-6.84,-81.99,108.32
1753,1619734991,102301597,"0",-6.83,-82.19,107.32
1754,1619734991,118754148,"0",-6.81,-82.26,106.92
1755,1619734991,135403633,"0",-6.81,-82.26,106.92
1756,1619734991,152028083,"0",-6.68,-82.36,106.82
1757,1619734991,168704032,"0",-6.68,-82.36,106.82
1758,1619734991,185460329,"0",-6.48,-82.53,106.59
1759,1619734991,202046871,"0",-6.45,-82.52,106.77
1760,1619734991,218678712,"0",-6.45,-82.52,106.77
1761,1619734991,235414028,"0",-6.45,-82.49,106.93
1762,1619734991,251992464,"0",-6.48,-82.36,107.36
1763,1619734991,268706083,"0",-6.48,-82.36,107.36
1764,1619734991,285466670,"0",-6.47,-82.38,106.94
1765,1619734991,302733421,"0",-6.48,-82.49,105.91
1766,1619734991,318807125,"0",-6.48,-82.49,105.91
1767,1619734991,335357904,"0",-6.45,-82.41,106.18
1768,1619734991,352086544,"0",-6.45,-82.41,106.18
1769,1619734991,368714570,"0",-6.5,-81.99,107.28
1770,1619734991,385300397,"0",-6.53,-81.44,108.8
1771,1619734991,402153253,"0",-6.53,-81.44,108.8
1772,1619734991,418713092,"0",-6.54,-80.93,110.31
1773,1619734991,435453176,"0",-6.54,-80.93,110.31
1774,1619734991,452126979,"0",-6.71,-80.09,112.44
1775,1619734991,468610286,"0",-6.79,-79.33,114.25
1776,1619734991,485383987,"0",-6.79,-79.33,114.25
1777,1619734991,502120971,"0",-6.72,-78.81,115.52
1778,1619734991,518813848,"0",-6.72,-78.81,115.52
1779,1619734991,535407304,"0",-6.3,-77.56,118.11
1780,1619734991,552051782,"0",-5.76,-76.96,118.67
1781,1619734991,568663120,"0",-5.76,-76.96,118.67
1782,1619734991,585293531,"0",-5.58,-77.04,118.0
1783,1619734991,602196216,"0",-5.65,-76.97,117.9
1784,1619734991,619257450,"0",-5.65,-76.97,117.9
1785,1619734991,635716915,"0",-6.05,-76.76,117.86
1786,1619734991,652072906,"0",-6.49,-76.18,118.6
1787,1619734991,668814182,"0",-6.49,-76.18,118.6
1788,1619734991,685721635,"0",-6.62,-75.92,118.95
1789,1619734991,703112125,"0",-6.71,-75.4,119.68
1790,1619734991,719069242,"0",-6.5,-75.0,120.45
1791,1619734991,735575914,"0",-6.5,-75.0,120.45
1792,1619734991,752363443,"0",-6.31,-74.66,121.06
1793,1619734991,768817901,"0",-6.03,-73.79,122.14
1794,1619734991,785352468,"0",-6.03,-73.79,122.14
1795,1619734991,802021980,"0",-5.93,-73.15,122.86
1796,1619734991,818677663,"0",-5.76,-71.15,124.95
1797,1619734991,835571527,"0",-5.76,-71.15,124.95
1798,1619734991,852760553,"0",-5.74,-69.24,126.47
1799,1619734991,870055913,"0",-5.84,-68.53,127.07
1800,1619734991,886447429,"0",-5.84,-68.53,127.07
1801,1619734991,903940677,"0",-6.18,-67.46,128.05
1802,1619734991,920023441,"0",-6.19,-66.26,129.19
1803,1619734991,935589075,"0",-6.19,-66.26,129.19
1804,1619734991,953538656,"0",-6.07,-65.59,129.7
1805,1619734991,970175743,"0",-5.64,-64.5,130.13
1806,1619734991,986846923,"0",-5.64,-64.5,130.13
1807,1619734992,4116296,"0",-4.97,-63.29,130.56
1808,1619734992,19531965,"0",-4.67,-62.62,130.87
1809,1619734992,36234855,"0",-4.67,-62.62,130.87
1810,1619734992,52979469,"0",-4.35,-61.24,131.55
1811,1619734992,68647384,"0",-4.22,-60.56,131.94
1812,1619734992,85397720,"0",-4.22,-60.56,131.94
1813,1619734992,102110624,"0",-3.98,-59.39,132.65
1814,1619734992,118633508,"0",-3.86,-58.61,133.07
1815,1619734992,135513782,"0",-3.82,-58.45,133.18
1816,1619734992,152043342,"0",-3.82,-58.45,133.18
1817,1619734992,168896198,"0",-3.61,-58.31,133.33
1818,1619734992,185556173,"0",-3.53,-58.28,133.39
1819,1619734992,202215909,"0",-3.53,-58.28,133.39
1820,1619734992,218871593,"0",-3.47,-58.2,133.42
1821,1619734992,235288381,"0",-3.44,-58.14,133.35
1822,1619734992,251965045,"0",-3.44,-58.14,133.35
1823,1619734992,268728256,"0",-3.38,-58.11,133.36
1824,1619734992,285298347,"0",-3.33,-57.95,133.5
1825,1619734992,302226066,"0",-3.32,-57.84,133.58
1826,1619734992,318816661,"0",-3.32,-57.84,133.58
1827,1619734992,335319519,"0",-3.24,-57.59,133.7
1828,1619734992,351972341,"0",-3.06,-57.2,133.78
1829,1619734992,368645429,"0",-3.06,-57.2,133.78
1830,1619734992,385560750,"0",-2.94,-57.0,133.78
1831,1619734992,402229547,"0",-2.72,-56.45,133.86
1832,1619734992,418876647,"0",-2.72,-56.45,133.86
1833,1619734992,435575008,"0",-2.6,-56.13,133.86
1834,1619734992,452676296,"0",-2.31,-55.4,133.87
1835,1619734992,468790531,"0",-1.95,-54.59,133.78
1836,1619734992,485523939,"0",-1.95,-54.59,133.78
1837,1619734992,502075433,"0",-1.77,-54.24,133.62
1838,1619734992,518871545,"0",-1.35,-53.45,133.36
1839,1619734992,535340547,"0",-1.35,-53.45,133.36
1840,1619734992,552016973,"0",-1.12,-52.98,133.22
1841,1619734992,568605184,"0",-0.59,-52.01,132.9
1842,1619734992,585293054,"0",-0.59,-52.01,132.9
1843,1619734992,601925134,"0",-0.04,-50.88,132.6
1844,1619734992,618568658,"0",0.25,-50.18,132.48
1845,1619734992,635284423,"0",0.25,-50.18,132.48
1846,1619734992,652002811,"0",0.99,-48.54,132.23
1847,1619734992,668624401,"0",1.4,-47.57,132.08
1848,1619734992,685298919,"0",2.35,-45.32,131.78
1849,1619734992,702058076,"0",2.35,-45.32,131.78
1850,1619734992,718619823,"0",3.38,-42.45,131.56
1851,1619734992,735368013,"0",3.94,-40.85,131.36
1852,1619734992,752851963,"0",3.94,-40.85,131.36
1853,1619734992,768746137,"0",5.06,-37.36,130.86
1854,1619734992,785416126,"0",5.64,-35.54,130.59
1855,1619734992,802218914,"0",5.64,-35.54,130.59
1856,1619734992,818848848,"0",6.77,-31.87,129.85
1857,1619734992,835455894,"0",7.8,-27.72,129.11
1858,1619734992,852292060,"0",7.8,-27.72,129.11
1859,1619734992,871302843,"0",8.08,-25.51,128.64
1860,1619734992,885507822,"0",8.4,-21.1,127.4
1861,1619734992,902272462,"0",8.4,-21.1,127.4
1862,1619734992,919119119,"0",7.68,-17.26,126.1
1863,1619734992,935276269,"0",7.5,-15.16,125.65
1864,1619734992,952023506,"0",7.5,-15.16,125.65
1865,1619734992,968726158,"0",7.25,-10.3,124.63
1866,1619734992,985340118,"0",7.15,-5.22,122.87
1867,1619734993,1952886,"0",7.15,-5.22,122.87
1868,1619734993,18584251,"0",7.12,-2.93,121.95
1869,1619734993,35391330,"0",6.92,0.57,119.84
1870,1619734993,51997184,"0",6.78,1.79,118.81
1871,1619734993,68616867,"0",6.78,1.79,118.81
1872,1619734993,85344552,"0",6.83,2.78,116.97
1873,1619734993,102085828,"0",7.1,1.83,115.33
1874,1619734993,118622064,"0",7.1,1.83,115.33
1875,1619734993,135399818,"0",7.23,1.1,114.57
1876,1619734993,152009248,"0",7.4,0.06,113.23
1877,1619734993,168636083,"0",7.4,0.06,113.23
1878,1619734993,185374259,"0",7.52,-0.24,112.64
1879,1619734993,201943397,"0",7.14,-0.54,111.6
1880,1619734993,218585491,"0",6.85,-0.34,110.77
1881,1619734993,235279321,"0",6.85,-0.34,110.77
1882,1619734993,251981258,"0",6.91,-0.05,110.34
1883,1619734993,268630504,"0",6.95,0.68,109.26
1884,1619734993,285295009,"0",6.95,0.68,109.26
1885,1619734993,302115678,"0",6.94,1.02,108.62
1886,1619734993,318650007,"0",7.34,1.81,107.23
1887,1619734993,335393905,"0",7.34,1.81,107.23
1888,1619734993,351978778,"0",7.72,2.31,106.44
1889,1619734993,368899583,"0",9.1,3.17,104.88
1890,1619734993,385989904,"0",10.28,3.99,103.4
1891,1619734993,402332782,"0",10.28,3.99,103.4
1892,1619734993,418654680,"0",10.02,3.57,102.74
1893,1619734993,435617446,"0",9.86,2.92,101.65
1894,1619734993,452089548,"0",9.86,2.92,101.65
1895,1619734993,468635797,"0",9.87,2.79,100.86
1896,1619734993,485289096,"0",9.87,2.6,100.51
1897,1619734993,501986980,"0",9.87,2.6,100.51
1898,1619734993,518924236,"0",9.97,2.32,99.95
1899,1619734993,535330533,"0",9.92,2.21,99.79
1900,1619734993,551981210,"0",9.92,2.21,99.79
1901,1619734993,568648338,"0",9.96,1.93,99.74
1902,1619734993,585309028,"0",10.01,1.96,99.71
1903,1619734993,602483987,"0",10.0,1.93,99.71
1904,1619734993,618679046,"0",10.0,1.93,99.71
1905,1619734993,635290622,"0",10.04,1.92,99.72
1906,1619734993,651940107,"0",10.06,1.92,99.72
1907,1619734993,668663978,"0",10.06,1.92,99.72
1908,1619734993,685699224,"0",10.08,1.9,99.72
1909,1619734993,702006101,"0",10.09,1.9,99.72
1910,1619734993,718668937,"0",10.09,1.9,99.72
1911,1619734993,735310077,"0",10.12,1.89,99.72
1912,1619734993,752022743,"0",10.14,1.87,99.72
1913,1619734993,768829107,"0",10.16,1.86,99.72
1914,1619734993,785803556,"0",10.16,1.86,99.72
1915,1619734993,801966905,"0",10.19,1.86,99.72
1916,1619734993,818630218,"0",10.19,1.85,99.73
1917,1619734993,835299015,"0",10.19,1.85,99.73
1918,1619734993,852043628,"0",10.22,1.84,99.73
1919,1619734993,868650674,"0",10.24,1.83,99.73
1920,1619734993,885362625,"0",10.24,1.83,99.73
1921,1619734993,901997804,"0",10.25,1.83,99.73
1922,1619734993,918650150,"0",10.27,1.82,99.73
1923,1619734993,935451984,"0",10.29,1.81,99.73
1924,1619734993,951989650,"0",10.29,1.81,99.73
1925,1619734993,968687534,"0",10.31,1.81,99.73
1926,1619734993,985719919,"0",10.33,1.8,99.73
1927,1619734994,2408027,"0",10.33,1.8,99.73
1928,1619734994,19668340,"0",10.34,1.8,99.73
1929,1619734994,35537719,"0",10.36,1.78,99.74
1930,1619734994,52289962,"0",10.36,1.78,99.74
1931,1619734994,68832874,"0",10.37,1.77,99.74
1932,1619734994,85432291,"0",10.38,1.77,99.74
1933,1619734994,102046251,"0",10.38,1.77,99.74
1934,1619734994,118920564,"0",10.41,1.76,99.74
1935,1619734994,135356187,"0",10.42,1.76,99.74
1936,1619734994,151978015,"0",10.43,1.75,99.75
1937,1619734994,168883800,"0",10.43,1.75,99.75
1938,1619734994,185389518,"0",10.44,1.75,99.75
1939,1619734994,201970100,"0",10.46,1.74,99.75
1940,1619734994,218608856,"0",10.46,1.74,99.75
1941,1619734994,235344648,"0",10.48,1.73,99.76
1942,1619734994,251935243,"0",10.49,1.73,99.76
1943,1619734994,268630027,"0",10.49,1.73,99.76
1944,1619734994,285269260,"0",10.5,1.73,99.76
1945,1619734994,302070617,"0",10.51,1.72,99.76
1946,1619734994,319000482,"0",10.53,1.72,99.76
1947,1619734994,335267305,"0",10.53,1.72,99.76
1948,1619734994,352017879,"0",10.54,1.71,99.76
1949,1619734994,368610858,"0",10.55,1.7,99.76
1950,1619734994,385325193,"0",10.55,1.7,99.76
1951,1619734994,402734756,"0",10.56,1.7,99.76
1952,1619734994,418618440,"0",10.57,1.69,99.77
1953,1619734994,435290575,"0",10.57,1.69,99.77
1954,1619734994,452315807,"0",10.59,1.7,99.77
1955,1619734994,468638181,"0",10.6,1.69,99.77
1956,1619734994,485327243,"0",10.61,1.69,99.77
1957,1619734994,501975297,"0",10.61,1.69,99.77
1958,1619734994,518825531,"0",10.62,1.68,99.77
1959,1619734994,535280466,"0",10.63,1.68,99.77
1960,1619734994,551976203,"0",10.63,1.68,99.77
1961,1619734994,568670749,"0",10.64,1.67,99.78
1962,1619734994,585323333,"0",10.65,1.67,99.78
1963,1619734994,602047443,"0",10.65,1.67,99.78
1964,1619734994,618697404,"0",10.66,1.67,99.78
1965,1619734994,635339021,"0",10.67,1.66,99.78
1966,1619734994,651977777,"0",10.68,1.66,99.78
1967,1619734994,668670415,"0",10.68,1.66,99.78
1968,1619734994,685485839,"0",10.69,1.65,99.78
1969,1619734994,702149391,"0",10.69,1.65,99.78
1970,1619734994,718646287,"0",10.69,1.65,99.78
1971,1619734994,735318422,"0",10.7,1.65,99.78
1972,1619734994,752034902,"0",10.72,1.64,99.78
1973,1619734994,768976211,"0",10.72,1.64,99.78
1974,1619734994,785466670,"0",10.72,1.64,99.78
1975,1619734994,802031755,"0",10.73,1.64,99.78
1976,1619734994,818706750,"0",10.74,1.63,99.79
1977,1619734994,835737705,"0",10.74,1.63,99.79
1978,1619734994,851987600,"0",10.75,1.63,99.79
1979,1619734994,868760108,"0",10.76,1.63,99.79
1980,1619734994,885649681,"0",10.76,1.63,99.79
1981,1619734994,902083873,"0",10.77,1.62,99.79
1982,1619734994,918643474,"0",10.78,1.62,99.79
1983,1619734994,935292243,"0",10.78,1.62,99.79
1984,1619734994,951982021,"0",10.79,1.61,99.79
1985,1619734994,968671560,"0",10.86,1.64,99.72
1986,1619734994,985362529,"0",10.91,1.71,99.68
1987,1619734995,2002954,"0",10.91,1.71,99.68
1988,1619734995,18655061,"0",10.9,1.61,99.62
1989,1619734995,35341739,"0",10.85,1.58,99.64
1990,1619734995,52078962,"0",10.85,1.58,99.64
1991,1619734995,69090127,"0",10.85,1.59,99.64
1992,1619734995,85331916,"0",10.86,1.57,99.64
1993,1619734995,102014064,"0",10.86,1.57,99.64
1994,1619734995,118784666,"0",10.86,1.57,99.64
1995,1619734995,135634183,"0",10.87,1.57,99.64
1996,1619734995,151991844,"0",10.87,1.56,99.65
1997,1619734995,168620586,"0",10.87,1.56,99.65
1998,1619734995,185319423,"0",10.88,1.57,99.65
1999,1619734995,202524900,"0",10.89,1.56,99.65
2000,1619734995,218752622,"0",10.89,1.56,99.65
2001,1619734995,235737323,"0",10.89,1.56,99.65
2002,1619734995,251977443,"0",10.9,1.56,99.65
2003,1619734995,268857955,"0",10.9,1.56,99.65
2004,1619734995,285947322,"0",10.9,1.56,99.65
2005,1619734995,302607774,"0",10.9,1.55,99.65
2006,1619734995,319936990,"0",10.91,1.55,99.65
2007,1619734995,335510492,"0",10.91,1.55,99.65
2008,1619734995,352200508,"0",10.92,1.55,99.65
2009,1619734995,368792057,"0",10.92,1.55,99.65
2010,1619734995,385388612,"0",10.92,1.55,99.65
2011,1619734995,401969909,"0",10.93,1.55,99.65
2012,1619734995,418901920,"0",10.93,1.55,99.65
2013,1619734995,435293436,"0",10.93,1.55,99.65
2014,1619734995,452113151,"0",10.94,1.55,99.65
2015,1619734995,468590736,"0",10.94,1.54,99.66
2016,1619734995,485314369,"0",10.94,1.54,99.66
2017,1619734995,502150297,"0",10.95,1.54,99.66
2018,1619734995,518706798,"0",10.95,1.54,99.66
2019,1619734995,535350561,"0",10.95,1.54,99.66
2020,1619734995,551930189,"0",10.96,1.54,99.66
2021,1619734995,568611383,"0",10.96,1.53,99.66
2022,1619734995,585259914,"0",10.97,1.53,99.66
2023,1619734995,602023601,"0",10.97,1.53,99.66
2024,1619734995,618620395,"0",10.98,1.53,99.66
2025,1619734995,635300636,"0",10.98,1.52,99.66
2026,1619734995,651974201,"0",10.98,1.52,99.66
2027,1619734995,668576002,"0",10.98,1.52,99.66
2028,1619734995,685344696,"0",10.98,1.53,99.66
2029,1619734995,702076196,"0",10.99,1.53,99.66
2030,1619734995,718671798,"0",10.99,1.53,99.66
2031,1619734995,735323667,"0",10.99,1.52,99.67
2032,1619734995,752729415,"0",10.99,1.52,99.66
2033,1619734995,769020557,"0",10.99,1.52,99.66
2034,1619734995,785915851,"0",11.0,1.52,99.67
2035,1619734995,802078008,"0",11.0,1.51,99.67
2036,1619734995,818691015,"0",11.0,1.51,99.67
2037,1619734995,835426330,"0",11.0,1.51,99.67
2038,1619734995,852038383,"0",11.02,1.51,99.67
2039,1619734995,868924617,"0",11.02,1.51,99.67
2040,1619734995,885299205,"0",11.02,1.51,99.67
2041,1619734995,902178525,"0",11.02,1.52,99.67
2042,1619734995,919261693,"0",11.03,1.51,99.67
2043,1619734995,935328245,"0",11.03,1.51,99.67
2044,1619734995,952015638,"0",11.03,1.51,99.67
2045,1619734995,968703985,"0",11.03,1.51,99.67
2046,1619734995,985277175,"0",11.03,1.51,99.67
2047,1619734996,1974344,"0",11.04,1.5,99.67
2048,1619734996,18899679,"0",11.04,1.5,99.67
2049,1619734996,35295248,"0",11.04,1.5,99.67
2050,1619734996,52132129,"0",11.05,1.5,99.67
2051,1619734996,68626642,"0",11.05,1.5,99.67
2052,1619734996,85436582,"0",11.06,1.5,99.67
2053,1619734996,101931571,"0",11.06,1.5,99.67
2054,1619734996,118957519,"0",11.06,1.5,99.67
2055,1619734996,135578393,"0",11.06,1.5,99.67
2056,1619734996,151966810,"0",11.06,1.5,99.67
2057,1619734996,168666124,"0",11.07,1.5,99.68
2058,1619734996,185396909,"0",11.07,1.5,99.68
2059,1619734996,201947450,"0",11.07,1.5,99.68
2060,1619734996,218632698,"0",11.07,1.5,99.68
2061,1619734996,235311269,"0",11.07,1.5,99.68
2062,1619734996,251950502,"0",11.08,1.5,99.68
2063,1619734996,268588542,"0",11.08,1.5,99.68
2064,1619734996,285303592,"0",11.08,1.49,99.68
2065,1619734996,302015542,"0",11.08,1.49,99.68
2066,1619734996,319062471,"0",11.08,1.49,99.68
2067,1619734996,335339784,"0",11.09,1.49,99.68
2068,1619734996,352025747,"0",11.09,1.49,99.68
2069,1619734996,368690490,"0",11.09,1.49,99.68
2070,1619734996,385421752,"0",11.09,1.49,99.68
2071,1619734996,402032375,"0",11.09,1.49,99.68
2072,1619734996,419012308,"0",11.1,1.49,99.68
2073,1619734996,435358762,"0",11.1,1.49,99.68
2074,1619734996,451994419,"0",11.1,1.48,99.68
2075,1619734996,468899726,"0",11.1,1.49,99.68
2076,1619734996,485738277,"0",11.1,1.49,99.68
2077,1619734996,502029418,"0",11.11,1.49,99.68
2078,1619734996,518687486,"0",11.1,1.49,99.68
2079,1619734996,535341024,"0",11.1,1.49,99.68
2080,1619734996,551990509,"0",11.11,1.48,99.68
2081,1619734996,568735599,"0",11.11,1.48,99.68
2082,1619734996,586080789,"0",11.11,1.48,99.68
2083,1619734996,602037429,"0",11.11,1.48,99.68
2084,1619734996,618860960,"0",11.11,1.48,99.68
2085,1619734996,635286092,"0",11.11,1.48,99.68
2086,1619734996,651992321,"0",11.11,1.48,99.68
2087,1619734996,668670654,"0",11.12,1.48,99.69
2088,1619734996,685650825,"0",11.11,1.48,99.69
2089,1619734996,702048063,"0",11.11,1.48,99.69
2090,1619734996,718658924,"0",11.11,1.48,99.69
2091,1619734996,735297679,"0",11.11,1.47,99.69
2092,1619734996,752163410,"0",11.12,1.47,99.69
2093,1619734996,768681287,"0",11.12,1.47,99.69
2094,1619734996,785449981,"0",11.12,1.47,99.69
2095,1619734996,801987648,"0",11.12,1.47,99.69
2096,1619734996,818691015,"0",11.12,1.47,99.69
2097,1619734996,835474967,"0",11.12,1.47,99.7
2098,1619734996,852205991,"0",11.13,1.47,99.7
2099,1619734996,868878602,"0",11.13,1.47,99.7
2100,1619734996,886065721,"0",11.13,1.47,99.7
2101,1619734996,902400255,"0",11.14,1.46,99.7
2102,1619734996,919450521,"0",11.14,1.47,99.7
2103,1619734996,935575723,"0",11.14,1.47,99.7
2104,1619734996,951997280,"0",11.14,1.47,99.7
2105,1619734996,968888044,"0",11.14,1.46,99.7
2106,1619734996,986379623,"0",11.14,1.46,99.7
2107,1619734997,2441167,"0",11.14,1.46,99.7
2108,1619734997,19130468,"0",11.14,1.46,99.7
2109,1619734997,35821676,"0",11.14,1.46,99.7
2110,1619734997,52217960,"0",11.15,1.46,99.7
2111,1619734997,69392442,"0",11.15,1.46,99.71
2112,1619734997,85606336,"0",11.15,1.46,99.71
2113,1619734997,102068185,"0",11.15,1.46,99.71
2114,1619734997,118714809,"0",11.15,1.46,99.71
2115,1619734997,135572433,"0",11.15,1.46,99.71
2116,1619734997,152348756,"0",11.16,1.46,99.71
2117,1619734997,168746232,"0",11.16,1.46,99.71
2118,1619734997,185969352,"0",11.15,1.46,99.71
2119,1619734997,201987504,"0",11.15,1.46,99.71
2120,1619734997,218626022,"0",11.16,1.46,99.71
2121,1619734997,235242128,"0",11.16,1.46,99.71
2122,1619734997,251929283,"0",11.16,1.46,99.71
2123,1619734997,268699169,"0",11.16,1.46,99.71
2124,1619734997,285296440,"0",11.16,1.46,99.72
2125,1619734997,301965236,"0",11.16,1.46,99.72
2126,1619734997,318571329,"0",11.16,1.46,99.71
2127,1619734997,335312128,"0",11.16,1.45,99.71
2128,1619734997,351953983,"0",11.16,1.45,99.72
2129,1619734997,368702173,"0",11.16,1.45,99.72
2130,1619734997,385306358,"0",11.17,1.44,99.73
2131,1619734997,401922464,"0",11.18,1.45,99.74
2132,1619734997,418689966,"0",11.18,1.45,99.74
2133,1619734997,435305118,"0",11.17,1.46,99.72
2134,1619734997,452294826,"0",11.16,1.46,99.68
2135,1619734997,468589305,"0",11.16,1.46,99.68
2136,1619734997,485270261,"0",11.16,1.44,99.69
2137,1619734997,501948595,"0",11.15,1.45,99.69
2138,1619734997,518899202,"0",11.15,1.46,99.69
2139,1619734997,535376787,"0",11.15,1.46,99.69
2140,1619734997,551959753,"0",11.17,1.45,99.69
2141,1619734997,568605661,"0",11.19,1.45,99.69
2142,1619734997,585441827,"0",11.19,1.45,99.69
2143,1619734997,602113008,"0",11.2,1.45,99.69
2144,1619734997,618837594,"0",11.2,1.44,99.7
2145,1619734997,635297298,"0",11.2,1.44,99.7
2146,1619734997,652856826,"0",11.19,1.44,99.7
2147,1619734997,668674707,"0",11.18,1.45,99.7
2148,1619734997,685454607,"0",11.18,1.45,99.7
2149,1619734997,702092647,"0",11.17,1.45,99.7
2150,1619734997,718690156,"0",11.18,1.45,99.7
2151,1619734997,735992670,"0",11.18,1.45,99.7
2152,1619734997,751959323,"0",11.18,1.45,99.7
2153,1619734997,768740177,"0",11.17,1.45,99.7
2154,1619734997,785336732,"0",11.18,1.45,99.71
2155,1619734997,802012205,"0",11.18,1.45,99.71
2156,1619734997,818640947,"0",11.17,1.46,99.71
2157,1619734997,835321426,"0",11.18,1.46,99.71
2158,1619734997,851992845,"0",11.18,1.46,99.71
2159,1619734997,869588375,"0",11.18,1.46,99.71
2160,1619734997,885324478,"0",11.18,1.46,99.71
2161,1619734997,901963233,"0",11.18,1.46,99.71
2162,1619734997,918575286,"0",11.18,1.46,99.71
2163,1619734997,935384511,"0",11.18,1.45,99.71
2164,1619734997,952064514,"0",11.18,1.45,99.7
2165,1619734997,968652963,"0",11.18,1.45,99.7
2166,1619734997,985324859,"0",11.16,1.48,99.62
2167,1619734998,1981973,"0",11.11,1.69,99.4
2168,1619734998,18710851,"0",11.11,1.69,99.4
2169,1619734998,35348653,"0",11.13,1.66,99.3
2170,1619734998,51993370,"0",11.14,1.56,99.22
2171,1619734998,68638801,"0",11.14,1.56,99.22
2172,1619734998,85678100,"0",11.14,1.5,99.19
2173,1619734998,102213382,"0",11.15,1.47,99.15
2174,1619734998,119229793,"0",11.16,1.45,99.16
2175,1619734998,135494947,"0",11.16,1.45,99.16
2176,1619734998,151991844,"0",11.17,1.45,99.16
2177,1619734998,168778657,"0",11.17,1.45,99.17
2178,1619734998,185400009,"0",11.17,1.45,99.17
2179,1619734998,202082872,"0",11.17,1.45,99.17
2180,1619734998,218666315,"0",11.18,1.45,99.17
2181,1619734998,235314369,"0",11.18,1.45,99.17
2182,1619734998,252781629,"0",11.18,1.45,99.17
2183,1619734998,269028425,"0",11.17,1.45,99.17
2184,1619734998,285766363,"0",11.17,1.45,99.17
2185,1619734998,302935361,"0",11.18,1.45,99.17
2186,1619734998,319378614,"0",11.18,1.45,99.17
2187,1619734998,335712432,"0",11.18,1.45,99.17
2188,1619734998,352069854,"0",11.17,1.45,99.17
2189,1619734998,368662357,"0",11.17,1.45,99.17
2190,1619734998,386043548,"0",11.17,1.45,99.17
2191,1619734998,401959419,"0",11.17,1.45,99.17
2192,1619734998,418743848,"0",11.16,1.44,99.17
2193,1619734998,435314416,"0",11.16,1.44,99.17
2194,1619734998,451963186,"0",11.16,1.44,99.17
2195,1619734998,468586206,"0",11.16,1.45,99.17
2196,1619734998,485256910,"0",11.16,1.44,99.18
2197,1619734998,501925230,"0",11.16,1.44,99.18
2198,1619734998,518594264,"0",11.16,1.45,99.18
2199,1619734998,535252332,"0",11.16,1.44,99.18
2200,1619734998,552011966,"0",11.17,1.44,99.18
2201,1619734998,568593502,"0",11.17,1.44,99.18
2202,1619734998,585285663,"0",11.17,1.44,99.18
2203,1619734998,601977348,"0",11.17,1.45,99.18
2204,1619734998,618618011,"0",11.17,1.45,99.18
2205,1619734998,635394096,"0",11.17,1.45,99.18
2206,1619734998,651996374,"0",11.17,1.45,99.18
2207,1619734998,668635845,"0",11.17,1.45,99.18
2208,1619734998,685291051,"0",11.17,1.45,99.18
2209,1619734998,701924800,"0",11.17,1.45,99.18
2210,1619734998,718614816,"0",11.17,1.45,99.19
2211,1619734998,735380172,"0",11.17,1.45,99.19
2212,1619734998,752053737,"0",11.17,1.46,99.19
2213,1619734998,768757104,"0",11.17,1.46,99.19
2214,1619734998,785355806,"0",11.17,1.46,99.19
